t_seconds,container,cpu_percent,mem_mib
0.000,patient-service,0.36,25.52
0.000,doctor-service,1.74,44.20
0.000,appointment-service,0.02,29.75
0.493,patient-service,0.36,25.52
0.493,doctor-service,1.74,44.20
0.493,appointment-service,0.02,29.75
0.992,patient-service,0.01,25.40
0.992,doctor-service,44.78,44.27
0.992,appointment-service,0.02,29.71
1.493,patient-service,0.01,25.40
1.493,doctor-service,44.78,44.27
1.493,appointment-service,0.02,29.71
1.992,patient-service,0.01,25.40
1.992,doctor-service,0.01,44.26
1.992,appointment-service,0.02,29.71
2.492,patient-service,0.01,25.40
2.492,doctor-service,0.01,44.26
2.492,appointment-service,0.02,29.71
2.992,patient-service,0.02,25.40
2.992,doctor-service,0.02,44.26
2.992,appointment-service,0.02,29.71
3.492,patient-service,0.02,25.40
3.492,doctor-service,0.02,44.26
3.492,appointment-service,0.02,29.71
3.992,patient-service,0.02,25.40
3.992,doctor-service,0.02,43.95
3.992,appointment-service,33.17,42.09
4.492,patient-service,0.02,25.40
4.492,doctor-service,0.02,43.95
4.492,appointment-service,33.17,42.09
4.992,patient-service,0.02,25.40
4.992,doctor-service,0.02,43.95
4.992,appointment-service,12.18,30.03
5.492,patient-service,0.02,25.40
5.492,doctor-service,0.02,43.95
5.492,appointment-service,12.18,30.03
5.992,patient-service,4.50,25.46
5.992,doctor-service,4.05,44.46
5.992,appointment-service,13.80,30.84
6.493,patient-service,4.50,25.46
6.493,doctor-service,4.05,44.46
6.493,appointment-service,13.80,30.84
6.992,patient-service,7.45,25.46
6.992,doctor-service,7.29,44.19
6.992,appointment-service,26.07,29.85
7.492,patient-service,7.45,25.46
7.492,doctor-service,7.29,44.19
7.492,appointment-service,26.07,29.85
7.992,patient-service,0.01,25.46
7.992,doctor-service,0.02,44.18
7.992,appointment-service,0.02,29.80
8.492,patient-service,0.01,25.46
8.492,doctor-service,0.02,44.18
8.492,appointment-service,0.02,29.80
8.992,patient-service,0.02,25.42
8.992,doctor-service,0.01,43.98
8.992,appointment-service,0.02,29.79
9.492,patient-service,0.02,25.42
9.492,doctor-service,0.01,43.98
9.492,appointment-service,0.02,29.79
9.992,patient-service,4.05,25.65
9.992,doctor-service,3.53,44.02
9.992,appointment-service,13.80,30.33
10.492,patient-service,4.05,25.65
10.492,doctor-service,3.53,44.02
10.492,appointment-service,13.80,30.33
10.992,patient-service,9.64,25.45
10.992,doctor-service,10.09,43.98
10.992,appointment-service,31.55,30.86
11.492,patient-service,9.64,25.45
11.492,doctor-service,10.09,43.98
11.492,appointment-service,31.55,30.86
11.992,patient-service,10.92,25.51
11.992,doctor-service,10.37,44.00
11.992,appointment-service,35.67,30.71
12.492,patient-service,10.92,25.51
12.492,doctor-service,10.37,44.00
12.492,appointment-service,35.67,30.71
12.992,patient-service,11.21,25.47
12.992,doctor-service,10.48,44.00
12.992,appointment-service,36.62,30.51
13.496,patient-service,11.21,25.47
13.496,doctor-service,10.48,44.00
13.496,appointment-service,36.62,30.51
13.992,patient-service,10.64,25.43
13.992,doctor-service,10.51,44.00
13.992,appointment-service,36.54,30.81
14.492,patient-service,10.64,25.43
14.492,doctor-service,10.51,44.00
14.492,appointment-service,36.54,30.81
14.992,patient-service,10.27,25.68
14.992,doctor-service,9.60,43.96
14.992,appointment-service,32.89,30.87
15.492,patient-service,10.27,25.68
15.492,doctor-service,9.60,43.96
15.492,appointment-service,32.89,30.87
15.992,patient-service,11.31,25.42
15.992,doctor-service,10.74,43.95
15.992,appointment-service,36.35,30.86
16.492,patient-service,11.31,25.42
16.493,doctor-service,10.74,43.95
16.493,appointment-service,36.35,30.86
16.992,patient-service,10.60,25.78
16.992,doctor-service,10.03,43.96
16.992,appointment-service,35.57,31.14
17.492,patient-service,10.60,25.78
17.492,doctor-service,10.03,43.96
17.492,appointment-service,35.57,31.14
17.992,patient-service,11.13,25.64
17.992,doctor-service,10.72,44.15
17.992,appointment-service,37.35,30.39
18.492,patient-service,11.13,25.64
18.492,doctor-service,10.72,44.15
18.492,appointment-service,37.35,30.39
18.992,patient-service,56.67,25.67
18.992,doctor-service,8.75,44.22
18.992,appointment-service,30.94,30.84
19.492,patient-service,56.67,25.67
19.492,doctor-service,8.75,44.22
19.492,appointment-service,30.94,30.84
19.992,patient-service,9.67,25.41
19.992,doctor-service,9.12,44.25
19.992,appointment-service,31.81,31.57
20.492,patient-service,9.67,25.41
20.492,doctor-service,9.12,44.25
20.492,appointment-service,31.81,31.57
20.992,patient-service,3.66,25.44
20.992,doctor-service,3.72,44.17
20.992,appointment-service,12.29,30.63
21.492,patient-service,3.66,25.44
21.492,doctor-service,3.72,44.17
21.492,appointment-service,12.29,30.63
21.992,patient-service,0.01,25.44
21.992,doctor-service,0.01,44.17
21.992,appointment-service,0.01,30.14
22.492,patient-service,0.01,25.44
22.492,doctor-service,0.01,44.17
22.492,appointment-service,0.01,30.14
22.992,patient-service,0.02,25.41
22.992,doctor-service,0.02,44.17
22.992,appointment-service,0.01,30.14
23.492,patient-service,0.02,25.41
23.492,doctor-service,0.02,44.17
23.492,appointment-service,0.01,30.14
23.992,patient-service,0.02,25.41
23.992,doctor-service,0.01,44.17
23.992,appointment-service,0.02,30.14
24.492,patient-service,0.02,25.41
24.492,doctor-service,0.01,44.17
24.492,appointment-service,0.02,30.14
24.992,patient-service,7.84,25.77
24.992,doctor-service,7.72,44.31
24.992,appointment-service,25.51,31.27
25.492,patient-service,7.84,25.77
25.492,doctor-service,7.72,44.31
25.492,appointment-service,25.51,31.27
25.992,patient-service,20.31,25.48
25.992,doctor-service,19.34,44.07
25.992,appointment-service,64.76,30.96
26.492,patient-service,20.31,25.48
26.492,doctor-service,19.34,44.07
26.492,appointment-service,64.76,30.96
26.992,patient-service,18.25,25.49
26.992,doctor-service,18.09,44.09
26.992,appointment-service,61.87,31.52
27.492,patient-service,18.25,25.49
27.492,doctor-service,18.09,44.09
27.492,appointment-service,61.87,31.52
27.992,patient-service,19.10,25.49
27.992,doctor-service,18.82,44.02
27.992,appointment-service,65.39,30.78
28.492,patient-service,19.10,25.49
28.492,doctor-service,18.82,44.02
28.492,appointment-service,65.39,30.78
28.992,patient-service,20.18,25.51
28.992,doctor-service,19.21,44.04
28.992,appointment-service,66.56,31.05
29.492,patient-service,20.18,25.51
29.492,doctor-service,19.21,44.04
29.492,appointment-service,66.56,31.05
29.992,patient-service,18.81,25.49
29.992,doctor-service,18.36,44.28
29.992,appointment-service,63.17,30.67
30.493,patient-service,18.81,25.49
30.493,doctor-service,18.36,44.28
30.493,appointment-service,63.17,30.67
30.992,patient-service,18.45,25.51
30.992,doctor-service,52.75,55.88
30.992,appointment-service,60.03,31.07
31.492,patient-service,18.45,25.51
31.492,doctor-service,52.75,55.88
31.492,appointment-service,60.03,31.07
31.992,patient-service,19.71,25.51
31.992,doctor-service,35.12,44.06
31.992,appointment-service,66.19,31.25
32.492,patient-service,19.71,25.51
32.492,doctor-service,35.12,44.06
32.492,appointment-service,66.19,31.25
32.992,patient-service,18.74,25.50
32.992,doctor-service,18.91,44.24
32.992,appointment-service,64.35,31.54
33.492,patient-service,18.74,25.50
33.492,doctor-service,18.91,44.24
33.492,appointment-service,64.35,31.54
33.992,patient-service,19.69,25.77
33.992,doctor-service,18.96,44.02
33.992,appointment-service,84.52,41.48
34.492,patient-service,19.69,25.77
34.492,doctor-service,18.96,44.02
34.492,appointment-service,84.52,41.48
34.992,patient-service,8.73,25.46
34.992,doctor-service,8.56,44.00
34.992,appointment-service,56.31,31.39
35.493,patient-service,8.73,25.46
35.493,doctor-service,8.56,44.00
35.493,appointment-service,56.31,31.39
35.992,patient-service,0.01,25.46
35.992,doctor-service,0.01,44.00
35.992,appointment-service,0.01,31.18
36.492,patient-service,0.01,25.46
36.493,doctor-service,0.01,44.00
36.493,appointment-service,0.01,31.18
36.992,patient-service,0.01,25.46
36.992,doctor-service,0.01,44.00
36.992,appointment-service,0.01,31.18
37.492,patient-service,0.01,25.46
37.492,doctor-service,0.01,44.00
37.492,appointment-service,0.01,31.18
37.993,patient-service,0.02,25.46
37.993,doctor-service,0.02,44.00
37.993,appointment-service,0.02,31.09
38.492,patient-service,0.02,25.46
38.492,doctor-service,0.02,44.00
38.492,appointment-service,0.02,31.09
38.992,patient-service,10.52,25.91
38.992,doctor-service,9.65,44.66
38.992,appointment-service,36.63,31.52
39.492,patient-service,10.52,25.91
39.492,doctor-service,9.65,44.66
39.492,appointment-service,36.63,31.52
39.992,patient-service,31.37,25.56
39.992,doctor-service,30.69,44.19
39.992,appointment-service,114.80,31.87
40.492,patient-service,31.37,25.56
40.492,doctor-service,30.69,44.19
40.492,appointment-service,114.80,31.87
40.993,patient-service,32.97,26.10
40.993,doctor-service,31.75,44.67
40.993,appointment-service,114.19,32.16
41.492,patient-service,32.97,26.10
41.492,doctor-service,31.75,44.67
41.492,appointment-service,114.19,32.16
41.993,patient-service,31.06,25.62
41.993,doctor-service,32.80,44.16
41.993,appointment-service,117.79,31.59
42.492,patient-service,31.06,25.62
42.492,doctor-service,32.80,44.16
42.492,appointment-service,117.79,31.59
42.992,patient-service,31.05,25.62
42.992,doctor-service,32.24,44.43
42.992,appointment-service,111.46,32.12
43.492,patient-service,31.05,25.62
43.492,doctor-service,32.24,44.43
43.492,appointment-service,111.46,32.12
43.992,patient-service,31.63,25.85
43.992,doctor-service,33.06,44.61
43.992,appointment-service,116.53,32.85
44.492,patient-service,31.63,25.85
44.492,doctor-service,33.06,44.61
44.492,appointment-service,116.53,32.85
44.992,patient-service,31.57,25.83
44.992,doctor-service,31.94,44.15
44.992,appointment-service,116.19,32.71
45.492,patient-service,31.57,25.83
45.492,doctor-service,31.94,44.15
45.492,appointment-service,116.19,32.71
45.992,patient-service,33.42,25.61
45.992,doctor-service,32.81,44.19
45.992,appointment-service,119.63,31.86
46.493,patient-service,33.42,25.61
46.493,doctor-service,32.81,44.19
46.493,appointment-service,119.63,31.86
46.992,patient-service,31.02,25.60
46.992,doctor-service,31.36,44.38
46.992,appointment-service,112.26,32.05
47.492,patient-service,31.02,25.60
47.492,doctor-service,31.36,44.38
47.492,appointment-service,112.26,32.05
47.992,patient-service,31.02,25.60
47.992,doctor-service,31.36,44.38
47.992,appointment-service,115.12,32.58
48.492,patient-service,32.11,25.82
48.492,doctor-service,33.01,44.14
48.492,appointment-service,115.12,32.58
48.992,patient-service,32.11,25.82
48.992,doctor-service,33.01,44.14
48.992,appointment-service,115.12,32.58
49.492,patient-service,66.28,26.17
49.492,doctor-service,19.30,44.10
49.492,appointment-service,67.80,31.59
49.993,patient-service,66.28,26.17
49.993,doctor-service,19.30,44.10
49.993,appointment-service,67.80,31.59
50.492,patient-service,0.02,26.04
50.492,doctor-service,0.02,44.10
50.492,appointment-service,0.02,31.34
50.992,patient-service,0.02,26.04
50.992,doctor-service,0.02,44.10
50.992,appointment-service,0.02,31.34
51.492,patient-service,0.02,26.04
51.492,doctor-service,0.02,44.10
51.492,appointment-service,0.02,31.34
51.993,patient-service,0.02,26.04
51.993,doctor-service,0.02,44.10
51.993,appointment-service,0.02,31.34
52.492,patient-service,0.02,26.04
52.492,doctor-service,0.02,44.10
52.492,appointment-service,0.02,31.34
52.992,patient-service,0.02,26.04
52.992,doctor-service,0.02,44.10
52.992,appointment-service,0.02,31.34
53.492,patient-service,7.50,25.90
53.492,doctor-service,7.67,44.23
53.492,appointment-service,30.89,33.35
53.992,patient-service,7.50,25.90
53.992,doctor-service,7.67,44.23
53.992,appointment-service,30.89,33.35
54.492,patient-service,33.16,25.68
54.492,doctor-service,32.41,44.65
54.492,appointment-service,138.48,33.82
54.992,patient-service,33.16,25.68
54.992,doctor-service,32.41,44.65
54.992,appointment-service,138.48,33.82
55.492,patient-service,34.09,25.96
55.492,doctor-service,34.39,44.73
55.492,appointment-service,139.67,33.18
55.993,patient-service,34.09,25.96
55.993,doctor-service,34.39,44.73
55.993,appointment-service,139.67,33.18
56.492,patient-service,34.21,26.19
56.492,doctor-service,34.79,44.72
56.492,appointment-service,139.64,33.68
56.992,patient-service,34.21,26.19
56.992,doctor-service,34.79,44.72
56.992,appointment-service,139.64,33.68
57.492,patient-service,34.96,26.19
57.492,doctor-service,33.57,44.29
57.492,appointment-service,138.63,33.61
57.992,patient-service,34.96,26.19
57.992,doctor-service,33.57,44.29
57.992,appointment-service,138.63,33.61
58.493,patient-service,33.69,26.43
58.493,doctor-service,33.46,44.25
58.493,appointment-service,138.39,33.07
58.992,patient-service,33.69,26.43
58.992,doctor-service,33.46,44.25
58.992,appointment-service,138.39,33.07
59.492,patient-service,34.27,25.66
59.492,doctor-service,33.97,44.18
59.492,appointment-service,140.98,32.77
59.992,patient-service,34.27,25.66
59.992,doctor-service,33.97,44.18
59.992,appointment-service,140.98,32.77
60.492,patient-service,34.11,25.93
60.492,doctor-service,33.50,44.43
60.492,appointment-service,139.77,33.49
60.992,patient-service,34.11,25.93
60.992,doctor-service,33.50,44.43
60.992,appointment-service,139.77,33.49
61.492,patient-service,33.94,25.70
61.492,doctor-service,49.04,53.70
61.492,appointment-service,140.58,33.38
61.992,patient-service,33.94,25.70
61.992,doctor-service,49.04,53.70
61.992,appointment-service,140.58,33.38
62.493,patient-service,33.11,25.72
62.493,doctor-service,72.69,44.70
62.493,appointment-service,140.38,33.29
62.993,patient-service,33.11,25.72
62.993,doctor-service,72.69,44.70
62.993,appointment-service,140.38,33.29
63.493,patient-service,23.43,25.59
63.493,doctor-service,24.07,44.16
63.493,appointment-service,96.36,32.62
63.992,patient-service,23.43,25.59
63.992,doctor-service,24.07,44.16
63.992,appointment-service,96.36,32.62
64.492,patient-service,0.02,25.59
64.492,doctor-service,0.03,44.16
64.492,appointment-service,1.28,35.87
64.993,patient-service,0.02,25.59
64.993,doctor-service,0.03,44.16
64.993,appointment-service,1.28,35.87
65.492,patient-service,0.03,25.59
65.492,doctor-service,0.02,44.15
65.492,appointment-service,44.09,32.56
65.992,patient-service,0.03,25.59
65.992,doctor-service,0.02,44.15
65.992,appointment-service,44.09,32.56
66.492,patient-service,0.02,25.59
66.492,doctor-service,0.02,44.15
66.492,appointment-service,0.02,32.29
66.993,patient-service,0.02,25.59
66.993,doctor-service,0.02,44.15
66.993,appointment-service,0.02,32.29
67.492,patient-service,4.29,26.43
67.492,doctor-service,3.29,44.25
67.492,appointment-service,14.94,33.50
67.992,patient-service,4.29,26.43
67.992,doctor-service,3.29,44.25
67.992,appointment-service,14.94,33.50
68.493,patient-service,32.77,26.25
68.493,doctor-service,33.32,44.24
68.493,appointment-service,138.56,34.10
68.992,patient-service,32.77,26.25
68.992,doctor-service,33.32,44.24
68.992,appointment-service,138.56,34.10
69.492,patient-service,34.42,25.94
69.492,doctor-service,33.76,44.58
69.492,appointment-service,142.41,33.82
69.992,patient-service,34.42,25.94
69.992,doctor-service,33.76,44.58
69.992,appointment-service,142.41,33.82
70.493,patient-service,34.05,26.21
70.493,doctor-service,33.72,44.23
70.493,appointment-service,139.34,33.84
70.992,patient-service,34.05,26.21
70.992,doctor-service,33.72,44.23
70.992,appointment-service,139.34,33.84
71.493,patient-service,33.65,25.99
71.493,doctor-service,33.40,44.48
71.493,appointment-service,139.95,33.64
71.992,patient-service,33.65,25.99
71.992,doctor-service,33.40,44.48
71.992,appointment-service,139.95,33.64
72.492,patient-service,33.04,25.74
72.492,doctor-service,32.70,44.24
72.492,appointment-service,138.65,34.52
72.992,patient-service,33.04,25.74
72.992,doctor-service,32.70,44.24
72.992,appointment-service,138.65,34.52
73.492,patient-service,34.03,25.98
73.492,doctor-service,32.49,44.23
73.492,appointment-service,140.24,33.92
73.992,patient-service,34.03,25.98
73.992,doctor-service,32.49,44.23
73.992,appointment-service,140.24,33.92
74.492,patient-service,34.34,25.74
74.492,doctor-service,34.48,44.21
74.492,appointment-service,141.62,34.01
74.992,patient-service,34.34,25.74
74.992,doctor-service,34.48,44.21
74.992,appointment-service,141.62,34.01
75.492,patient-service,33.07,25.69
75.492,doctor-service,32.94,44.30
75.492,appointment-service,138.12,34.19
75.992,patient-service,33.07,25.69
75.992,doctor-service,32.94,44.30
75.992,appointment-service,138.12,34.19
76.492,patient-service,34.24,25.71
76.492,doctor-service,32.73,44.25
76.492,appointment-service,141.04,34.28
76.992,patient-service,34.24,25.71
76.992,doctor-service,32.73,44.25
76.992,appointment-service,141.04,34.28
77.492,patient-service,28.98,25.62
77.492,doctor-service,28.77,44.19
77.492,appointment-service,119.18,33.11
77.992,patient-service,28.98,25.62
77.992,doctor-service,28.77,44.19
77.992,appointment-service,119.18,33.11
78.493,patient-service,0.02,25.62
78.493,doctor-service,0.02,44.19
78.493,appointment-service,0.02,33.07
78.992,patient-service,0.02,25.62
78.992,doctor-service,0.02,44.19
78.992,appointment-service,0.02,33.07
79.496,patient-service,31.90,37.33
79.496,doctor-service,0.02,44.18
79.496,appointment-service,0.02,32.95
79.992,patient-service,31.90,37.33
79.992,doctor-service,0.02,44.18
79.993,appointment-service,0.02,32.95
80.492,patient-service,13.68,25.99
80.492,doctor-service,0.04,44.18
80.492,appointment-service,0.03,32.95
80.992,patient-service,13.68,25.99
80.992,doctor-service,0.04,44.18
80.992,appointment-service,0.03,32.95
81.492,patient-service,0.01,25.93
81.492,doctor-service,0.03,44.17
81.492,appointment-service,0.01,32.92
81.992,patient-service,0.01,25.93
81.992,doctor-service,0.03,44.17
81.992,appointment-service,0.01,32.92
82.492,patient-service,10.60,25.62
82.492,doctor-service,10.06,44.22
82.492,appointment-service,34.42,34.35
82.992,patient-service,10.60,25.62
82.992,doctor-service,10.06,44.22
82.992,appointment-service,34.42,34.35
83.492,patient-service,10.82,25.65
83.492,doctor-service,10.58,44.23
83.492,appointment-service,36.60,34.01
83.992,patient-service,10.82,25.65
83.992,doctor-service,10.58,44.23
83.992,appointment-service,36.60,34.01
84.492,patient-service,10.12,25.76
84.492,doctor-service,9.76,44.21
84.492,appointment-service,34.18,33.15
84.992,patient-service,10.12,25.76
84.992,doctor-service,9.76,44.21
84.992,appointment-service,34.18,33.15
85.492,patient-service,10.92,26.10
85.492,doctor-service,9.65,44.70
85.492,appointment-service,35.53,34.09
85.992,patient-service,10.92,26.10
85.992,doctor-service,9.65,44.70
85.992,appointment-service,35.53,34.09
86.492,patient-service,10.33,25.62
86.492,doctor-service,10.44,44.22
86.492,appointment-service,35.91,34.32
86.992,patient-service,10.33,25.62
86.992,doctor-service,10.44,44.22
86.992,appointment-service,35.91,34.32
87.492,patient-service,10.16,25.82
87.492,doctor-service,10.13,44.20
87.492,appointment-service,34.12,33.38
87.992,patient-service,10.16,25.82
87.992,doctor-service,10.13,44.20
87.992,appointment-service,34.12,33.38
88.492,patient-service,9.85,25.86
88.492,doctor-service,9.37,44.19
88.492,appointment-service,33.59,33.71
88.992,patient-service,9.85,25.86
88.992,doctor-service,9.37,44.19
88.992,appointment-service,33.59,33.71
89.492,patient-service,9.68,25.76
89.492,doctor-service,9.46,44.25
89.492,appointment-service,32.43,33.38
89.992,patient-service,9.68,25.76
89.992,doctor-service,9.46,44.25
89.992,appointment-service,32.43,33.38
90.492,patient-service,10.23,25.69
90.492,doctor-service,9.90,44.34
90.492,appointment-service,34.45,33.48
90.992,patient-service,10.23,25.69
90.992,doctor-service,9.90,44.34
90.992,appointment-service,34.45,33.48
91.492,patient-service,10.99,25.65
91.492,doctor-service,10.64,44.46
91.492,appointment-service,36.78,33.66
91.992,patient-service,10.99,25.65
91.992,doctor-service,10.64,44.46
91.992,appointment-service,36.78,33.66
92.492,patient-service,8.74,25.65
92.492,doctor-service,56.50,44.44
92.492,appointment-service,29.32,33.26
92.992,patient-service,8.74,25.65
92.992,doctor-service,56.50,44.44
92.992,appointment-service,29.32,33.26
93.493,patient-service,6.62,25.62
93.493,doctor-service,6.37,44.20
93.493,appointment-service,21.57,33.20
93.992,patient-service,6.62,25.62
93.992,doctor-service,6.37,44.20
93.992,appointment-service,21.57,33.20
94.492,patient-service,0.04,25.62
94.492,doctor-service,0.02,44.20
94.492,appointment-service,0.02,33.20
94.992,patient-service,0.04,25.62
94.992,doctor-service,0.02,44.20
94.992,appointment-service,0.02,33.20
95.492,patient-service,0.04,25.62
95.492,doctor-service,0.02,44.20
95.492,appointment-service,43.25,33.01
95.993,patient-service,0.01,25.62
95.993,doctor-service,0.01,44.17
95.993,appointment-service,43.25,33.01
96.492,patient-service,0.01,25.62
96.492,doctor-service,0.01,44.17
96.492,appointment-service,43.25,33.01
96.993,patient-service,0.02,25.62
96.993,doctor-service,0.02,44.17
96.993,appointment-service,0.02,32.99
97.492,patient-service,0.02,25.62
97.492,doctor-service,0.02,44.17
97.492,appointment-service,0.02,32.99
97.992,patient-service,2.61,25.81
97.992,doctor-service,2.24,44.21
97.992,appointment-service,8.22,33.69
98.492,patient-service,2.61,25.81
98.492,doctor-service,2.24,44.21
98.492,appointment-service,8.22,33.69
98.992,patient-service,18.11,25.93
98.992,doctor-service,17.23,44.21
98.992,appointment-service,60.05,34.14
99.492,patient-service,18.11,25.93
99.492,doctor-service,17.23,44.21
99.492,appointment-service,60.05,34.14
99.992,patient-service,17.85,25.78
99.992,doctor-service,17.59,44.60
99.992,appointment-service,57.88,33.20
100.492,patient-service,17.85,25.78
100.492,doctor-service,17.59,44.60
100.492,appointment-service,57.88,33.20
100.992,patient-service,16.97,26.42
100.992,doctor-service,16.02,44.75
100.992,appointment-service,56.95,33.31
101.492,patient-service,16.97,26.42
101.492,doctor-service,16.02,44.75
101.492,appointment-service,56.95,33.31
101.992,patient-service,17.11,25.67
101.992,doctor-service,16.75,44.21
101.992,appointment-service,56.75,33.55
102.492,patient-service,17.11,25.67
102.492,doctor-service,16.75,44.21
102.492,appointment-service,56.75,33.55
102.992,patient-service,17.30,26.39
102.992,doctor-service,16.56,44.69
102.992,appointment-service,57.14,34.24
103.493,patient-service,17.30,26.39
103.493,doctor-service,16.56,44.69
103.493,appointment-service,57.14,34.24
103.992,patient-service,18.66,25.63
103.992,doctor-service,18.02,44.20
103.992,appointment-service,61.68,33.63
104.492,patient-service,18.66,25.63
104.492,doctor-service,18.02,44.20
104.492,appointment-service,61.68,33.63
104.992,patient-service,19.45,25.65
104.992,doctor-service,18.60,44.18
104.992,appointment-service,63.42,33.61
105.492,patient-service,19.45,25.65
105.492,doctor-service,18.60,44.18
105.492,appointment-service,63.42,33.61
105.993,patient-service,19.41,26.14
105.993,doctor-service,18.66,44.25
105.993,appointment-service,63.88,33.42
106.493,patient-service,19.41,26.14
106.493,doctor-service,18.66,44.25
106.493,appointment-service,63.88,33.42
106.992,patient-service,18.75,26.11
106.992,doctor-service,17.88,44.66
106.992,appointment-service,59.88,33.09
107.493,patient-service,18.75,26.11
107.493,doctor-service,17.88,44.66
107.493,appointment-service,59.88,33.09
107.992,patient-service,15.40,25.65
107.992,doctor-service,15.08,44.22
107.992,appointment-service,52.05,33.33
108.493,patient-service,15.40,25.65
108.493,doctor-service,15.08,44.22
108.493,appointment-service,52.05,33.33
108.992,patient-service,0.02,25.62
108.992,doctor-service,0.01,44.18
108.992,appointment-service,0.02,32.80
109.492,patient-service,0.02,25.62
109.492,doctor-service,0.01,44.18
109.492,appointment-service,0.02,32.80
109.992,patient-service,17.56,35.93
109.993,doctor-service,0.01,44.18
109.993,appointment-service,0.01,32.67
110.492,patient-service,17.56,35.93
110.492,doctor-service,0.01,44.18
110.492,appointment-service,0.01,32.67
110.992,patient-service,29.93,25.74
110.992,doctor-service,0.02,44.18
110.992,appointment-service,0.02,32.64
111.492,patient-service,29.93,25.74
111.492,doctor-service,0.02,44.18
111.492,appointment-service,0.02,32.64
111.992,patient-service,2.09,25.66
111.992,doctor-service,1.65,44.22
111.992,appointment-service,6.64,34.05
112.492,patient-service,2.09,25.66
112.492,doctor-service,1.65,44.22
112.492,appointment-service,6.64,34.05
112.992,patient-service,32.13,25.95
112.992,doctor-service,32.30,45.04
112.992,appointment-service,120.15,34.02
113.494,patient-service,32.13,25.95
113.494,doctor-service,32.30,45.04
113.494,appointment-service,120.15,34.02
113.992,patient-service,31.86,25.69
113.992,doctor-service,31.50,44.26
113.992,appointment-service,117.39,33.45
114.492,patient-service,31.86,25.69
114.492,doctor-service,31.50,44.26
114.492,appointment-service,117.39,33.45
114.992,patient-service,30.49,25.68
114.993,doctor-service,30.80,44.46
114.993,appointment-service,109.94,33.57
115.493,patient-service,30.49,25.68
115.493,doctor-service,30.80,44.46
115.493,appointment-service,109.94,33.57
115.992,patient-service,31.88,25.69
115.992,doctor-service,31.80,44.70
115.992,appointment-service,117.76,33.27
116.493,patient-service,31.88,25.69
116.493,doctor-service,31.80,44.70
116.493,appointment-service,117.76,33.27
116.994,patient-service,31.39,25.72
116.994,doctor-service,31.57,44.27
116.994,appointment-service,115.02,34.18
117.492,patient-service,31.39,25.72
117.492,doctor-service,31.57,44.27
117.492,appointment-service,115.02,34.18
117.993,patient-service,30.63,25.68
117.993,doctor-service,30.62,44.77
117.993,appointment-service,107.47,33.53
118.492,patient-service,30.63,25.68
118.492,doctor-service,30.62,44.77
118.492,appointment-service,107.47,33.53
118.993,patient-service,31.00,25.70
118.993,doctor-service,30.49,44.21
118.993,appointment-service,109.73,33.69
119.493,patient-service,31.00,25.70
119.494,doctor-service,30.49,44.21
119.494,appointment-service,109.73,33.69
119.992,patient-service,30.55,25.93
119.992,doctor-service,31.37,44.25
119.992,appointment-service,111.73,34.02
120.492,patient-service,30.55,25.93
120.492,doctor-service,31.37,44.25
120.492,appointment-service,111.73,34.02
120.992,patient-service,31.73,26.15
120.992,doctor-service,31.90,44.21
120.992,appointment-service,116.57,33.53
121.492,patient-service,31.73,26.15
121.492,doctor-service,31.90,44.21
121.492,appointment-service,116.57,33.53
121.992,patient-service,27.07,25.62
121.992,doctor-service,28.10,44.21
121.992,appointment-service,103.61,32.98
122.492,patient-service,27.07,25.62
122.492,doctor-service,28.10,44.21
122.492,appointment-service,103.61,32.98
122.992,patient-service,0.01,25.62
122.992,doctor-service,56.16,44.24
122.992,appointment-service,0.01,32.77
123.492,patient-service,0.01,25.62
123.492,doctor-service,56.16,44.24
123.492,appointment-service,0.01,32.77
123.992,patient-service,0.02,25.62
123.992,doctor-service,0.02,44.24
123.992,appointment-service,0.03,32.74
124.492,patient-service,0.02,25.62
124.492,doctor-service,0.02,44.24
124.492,appointment-service,0.03,32.74
124.992,patient-service,0.02,25.62
124.992,doctor-service,0.03,44.23
124.992,appointment-service,0.04,32.73
125.493,patient-service,0.02,25.62
125.493,doctor-service,0.03,44.23
125.493,appointment-service,0.04,32.73
125.992,patient-service,0.04,25.62
125.993,doctor-service,0.02,44.17
125.993,appointment-service,45.37,33.44
126.494,patient-service,0.04,25.62
126.494,doctor-service,0.02,44.17
126.494,appointment-service,45.37,33.44
126.993,patient-service,32.44,25.70
126.993,doctor-service,30.90,44.25
126.993,appointment-service,132.67,34.23
127.495,patient-service,32.44,25.70
127.495,doctor-service,30.90,44.25
127.495,appointment-service,132.67,34.23
127.994,patient-service,34.57,25.75
127.994,doctor-service,32.26,44.38
127.994,appointment-service,136.82,34.72
128.509,patient-service,34.57,25.75
128.509,doctor-service,32.26,44.38
128.509,appointment-service,136.82,34.72
128.996,patient-service,32.60,25.98
128.996,doctor-service,32.64,44.27
128.996,appointment-service,135.95,34.12
129.492,patient-service,32.60,25.98
129.492,doctor-service,32.64,44.27
129.492,appointment-service,135.95,34.12
129.994,patient-service,33.95,25.65
129.994,doctor-service,34.23,44.27
129.994,appointment-service,139.85,33.50
130.538,patient-service,33.95,25.65
130.538,doctor-service,34.23,44.27
130.538,appointment-service,139.85,33.50
130.994,patient-service,26.54,25.66
130.994,doctor-service,25.60,44.76
130.994,appointment-service,113.70,33.89
131.548,patient-service,26.54,25.66
131.548,doctor-service,25.60,44.76
131.548,appointment-service,113.70,33.89
131.996,patient-service,27.61,25.68
131.996,doctor-service,26.74,44.54
131.996,appointment-service,109.05,33.75
132.495,patient-service,27.61,25.68
132.495,doctor-service,26.74,44.54
132.495,appointment-service,109.05,33.75
132.992,patient-service,33.44,25.73
132.992,doctor-service,33.27,44.77
132.992,appointment-service,138.43,33.96
133.493,patient-service,33.44,25.73
133.493,doctor-service,33.27,44.77
133.493,appointment-service,138.43,33.96
133.992,patient-service,33.45,25.67
133.992,doctor-service,34.40,44.56
133.992,appointment-service,138.20,33.70
134.493,patient-service,33.45,25.67
134.494,doctor-service,34.40,44.56
134.494,appointment-service,138.20,33.70
134.995,patient-service,32.24,26.48
134.995,doctor-service,32.05,44.20
134.995,appointment-service,137.90,33.91
135.513,patient-service,32.24,26.48
135.513,doctor-service,32.05,44.20
135.513,appointment-service,137.90,33.91
136.008,patient-service,27.32,25.63
136.008,doctor-service,28.44,44.18
136.008,appointment-service,109.86,32.94
136.496,patient-service,27.32,25.63
136.496,doctor-service,28.44,44.18
136.496,appointment-service,109.86,32.94
136.992,patient-service,0.02,25.62
136.992,doctor-service,0.01,44.17
136.992,appointment-service,0.02,32.88
137.492,patient-service,0.02,25.62
137.492,doctor-service,0.01,44.17
137.492,appointment-service,0.02,32.88
137.993,patient-service,0.02,25.62
137.993,doctor-service,0.02,44.17
137.993,appointment-service,0.02,32.80
138.493,patient-service,0.02,25.62
138.493,doctor-service,0.02,44.17
138.493,appointment-service,0.02,32.80
138.992,patient-service,0.02,25.62
138.993,doctor-service,0.01,44.17
138.993,appointment-service,0.02,32.80
139.492,patient-service,0.02,25.62
139.492,doctor-service,0.01,44.17
139.492,appointment-service,0.02,32.80
139.992,patient-service,1.26,29.75
139.992,doctor-service,0.02,44.17
139.992,appointment-service,0.02,32.64
140.493,patient-service,1.26,29.75
140.493,doctor-service,0.02,44.17
140.493,appointment-service,0.02,32.64
140.993,patient-service,86.80,25.73
140.993,doctor-service,0.02,44.17
140.993,appointment-service,114.96,34.55
141.514,patient-service,86.80,25.73
141.514,doctor-service,27.52,44.28
141.514,appointment-service,114.96,34.55
141.997,patient-service,86.80,25.73
141.997,doctor-service,27.52,44.28
141.997,appointment-service,114.96,34.55
142.501,patient-service,33.15,25.72
142.501,doctor-service,32.85,44.32
142.501,appointment-service,141.16,34.62
142.993,patient-service,33.15,25.72
142.993,doctor-service,32.85,44.32
142.993,appointment-service,141.16,34.62
143.503,patient-service,33.74,25.72
143.503,doctor-service,33.00,44.35
143.503,appointment-service,141.89,33.47
143.994,patient-service,33.74,25.72
143.994,doctor-service,33.00,44.35
143.994,appointment-service,141.89,33.47
144.493,patient-service,33.12,26.02
144.493,doctor-service,31.96,44.54
144.493,appointment-service,137.79,34.28
144.992,patient-service,33.12,26.02
144.992,doctor-service,31.96,44.54
144.992,appointment-service,137.79,34.28
145.492,patient-service,33.95,25.72
145.492,doctor-service,33.65,44.31
145.492,appointment-service,141.19,34.41
145.993,patient-service,33.95,25.72
145.993,doctor-service,33.65,44.31
145.993,appointment-service,141.19,34.41
146.495,patient-service,34.16,26.09
146.495,doctor-service,33.29,44.31
146.495,appointment-service,137.42,34.34
146.992,patient-service,34.16,26.09
146.992,doctor-service,33.29,44.31
146.992,appointment-service,137.42,34.34
147.499,patient-service,34.25,26.22
147.499,doctor-service,34.15,44.54
147.499,appointment-service,140.09,34.66
147.992,patient-service,34.25,26.22
147.992,doctor-service,34.15,44.54
147.992,appointment-service,140.09,34.66
148.492,patient-service,33.53,25.99
148.492,doctor-service,32.59,44.62
148.492,appointment-service,140.04,34.02
148.992,patient-service,33.53,25.99
148.992,doctor-service,32.59,44.62
148.992,appointment-service,140.04,34.02
149.492,patient-service,32.82,26.40
149.492,doctor-service,33.45,44.30
149.492,appointment-service,139.32,34.16
149.993,patient-service,32.82,26.40
149.993,doctor-service,33.45,44.30
149.993,appointment-service,139.32,34.16
150.494,patient-service,35.59,26.02
150.494,doctor-service,33.18,44.60
150.494,appointment-service,141.77,34.14
150.994,patient-service,35.59,26.02
150.995,doctor-service,33.18,44.60
150.995,appointment-service,141.77,34.14
151.494,patient-service,3.60,25.62
151.494,doctor-service,4.11,44.24
151.494,appointment-service,16.80,33.05
151.996,patient-service,3.60,25.62
151.996,doctor-service,4.11,44.24
151.996,appointment-service,16.80,33.05
152.494,patient-service,0.02,25.62
152.494,doctor-service,0.02,44.24
152.494,appointment-service,0.02,32.91
152.992,patient-service,0.02,25.62
152.992,doctor-service,0.02,44.24
152.992,appointment-service,0.02,32.91
153.493,patient-service,0.02,25.62
153.493,doctor-service,44.99,44.37
153.493,appointment-service,0.01,32.80
153.992,patient-service,0.02,25.62
153.992,doctor-service,44.99,44.37
153.992,appointment-service,0.01,32.80
154.492,patient-service,0.02,25.62
154.492,doctor-service,0.01,44.36
154.492,appointment-service,0.02,32.80
154.992,patient-service,0.02,25.62
154.992,doctor-service,0.01,44.36
154.992,appointment-service,0.02,32.80
155.492,patient-service,8.50,25.63
155.492,doctor-service,8.14,44.21
155.492,appointment-service,27.51,34.12
155.992,patient-service,8.50,25.63
155.992,doctor-service,8.14,44.21
155.992,appointment-service,27.51,34.12
156.492,patient-service,9.59,25.66
156.492,doctor-service,9.04,44.25
156.492,appointment-service,76.10,33.87
156.992,patient-service,9.59,25.66
156.992,doctor-service,9.04,44.25
156.993,appointment-service,76.10,33.87
157.492,patient-service,10.25,25.65
157.492,doctor-service,9.53,44.43
157.492,appointment-service,33.57,33.15
157.993,patient-service,10.25,25.65
157.993,doctor-service,9.53,44.43
157.993,appointment-service,33.57,33.15
158.492,patient-service,11.01,25.87
158.492,doctor-service,10.35,44.46
158.492,appointment-service,36.47,33.68
158.992,patient-service,11.01,25.87
158.992,doctor-service,10.35,44.46
158.992,appointment-service,36.47,33.68
159.493,patient-service,10.19,25.67
159.493,doctor-service,9.71,44.22
159.493,appointment-service,33.07,33.66
159.993,patient-service,10.19,25.67
159.993,doctor-service,9.71,44.22
159.993,appointment-service,33.07,33.66
160.492,patient-service,8.39,25.69
160.492,doctor-service,7.85,44.23
160.492,appointment-service,26.51,33.46
160.992,patient-service,8.39,25.69
160.992,doctor-service,7.85,44.23
160.992,appointment-service,26.51,33.46
161.492,patient-service,8.66,25.89
161.492,doctor-service,8.72,44.46
161.492,appointment-service,30.64,34.23
161.993,patient-service,8.66,25.89
161.993,doctor-service,8.72,44.46
161.993,appointment-service,30.64,34.23
162.492,patient-service,8.56,25.69
162.492,doctor-service,9.98,44.23
162.492,appointment-service,29.59,33.45
162.992,patient-service,8.56,25.69
162.992,doctor-service,9.98,44.23
162.992,appointment-service,29.59,33.45
163.492,patient-service,9.32,25.70
163.492,doctor-service,8.95,44.25
163.492,appointment-service,31.81,33.10
163.993,patient-service,9.32,25.70
163.993,doctor-service,8.95,44.25
163.994,appointment-service,31.81,33.10
164.492,patient-service,7.95,25.71
164.492,doctor-service,7.31,44.21
164.492,appointment-service,26.06,33.59
164.992,patient-service,7.95,25.71
164.992,doctor-service,7.31,44.21
164.992,appointment-service,26.06,33.59
165.492,patient-service,8.44,25.64
165.492,doctor-service,8.01,44.26
165.492,appointment-service,29.93,33.73
165.992,patient-service,8.44,25.64
165.992,doctor-service,8.01,44.26
165.992,appointment-service,29.93,33.73
166.492,patient-service,8.02,25.66
166.492,doctor-service,7.46,44.26
166.492,appointment-service,26.61,33.46
166.992,patient-service,8.02,25.66
166.992,doctor-service,7.46,44.26
166.992,appointment-service,26.61,33.46
167.492,patient-service,10.69,25.67
167.492,doctor-service,9.92,44.23
167.493,appointment-service,34.89,33.30
167.992,patient-service,10.69,25.67
167.992,doctor-service,9.92,44.23
167.992,appointment-service,34.89,33.30
168.492,patient-service,5.71,25.89
168.492,doctor-service,4.92,44.20
168.492,appointment-service,18.81,33.38
168.992,patient-service,5.71,25.89
168.992,doctor-service,4.92,44.20
168.993,appointment-service,18.81,33.38
169.492,patient-service,0.02,25.86
169.492,doctor-service,0.02,44.19
169.492,appointment-service,0.02,32.88
169.993,patient-service,0.02,25.86
169.993,doctor-service,0.02,44.19
169.993,appointment-service,0.02,32.88
170.492,patient-service,0.03,25.65
170.492,doctor-service,0.03,44.19
170.492,appointment-service,0.03,32.88
170.993,patient-service,0.03,25.65
170.993,doctor-service,0.03,44.19
170.993,appointment-service,0.03,32.88
171.493,patient-service,44.75,25.75
171.493,doctor-service,0.01,44.19
171.493,appointment-service,0.02,32.75
171.993,patient-service,44.75,25.75
171.993,doctor-service,0.01,44.19
171.993,appointment-service,0.02,32.75
172.493,patient-service,2.73,25.74
172.493,doctor-service,2.59,44.46
172.493,appointment-service,9.74,33.06
172.992,patient-service,2.73,25.74
172.992,doctor-service,2.59,44.46
172.992,appointment-service,9.74,33.06
173.492,patient-service,19.91,25.68
173.492,doctor-service,19.64,44.24
173.492,appointment-service,69.25,33.93
173.994,patient-service,19.91,25.68
173.994,doctor-service,19.64,44.24
173.994,appointment-service,69.25,33.93
174.492,patient-service,17.50,25.64
174.492,doctor-service,17.45,44.25
174.492,appointment-service,59.89,34.35
174.992,patient-service,17.50,25.64
174.992,doctor-service,17.45,44.25
174.992,appointment-service,59.89,34.35
175.492,patient-service,16.45,25.66
175.492,doctor-service,16.22,44.27
175.492,appointment-service,55.52,34.32
175.993,patient-service,16.45,25.66
175.993,doctor-service,16.22,44.27
175.993,appointment-service,55.52,34.32
176.493,patient-service,15.71,25.67
176.493,doctor-service,16.02,44.39
176.493,appointment-service,51.46,33.07
176.992,patient-service,15.71,25.67
176.992,doctor-service,16.02,44.39
176.992,appointment-service,51.46,33.07
177.493,patient-service,18.52,26.07
177.493,doctor-service,17.08,44.36
177.493,appointment-service,61.33,33.97
177.993,patient-service,18.52,26.07
177.993,doctor-service,17.08,44.36
177.993,appointment-service,61.33,33.97
178.492,patient-service,20.72,25.70
178.492,doctor-service,20.27,44.24
178.492,appointment-service,69.91,33.51
178.992,patient-service,20.72,25.70
178.992,doctor-service,20.27,44.24
178.992,appointment-service,69.91,33.51
179.492,patient-service,18.58,25.66
179.492,doctor-service,17.55,44.23
179.492,appointment-service,60.30,34.20
179.992,patient-service,18.58,25.66
179.992,doctor-service,17.55,44.23
179.992,appointment-service,60.30,34.20
180.492,patient-service,17.92,26.18
180.492,doctor-service,17.69,44.25
180.492,appointment-service,59.67,33.11
180.992,patient-service,17.92,26.18
180.992,doctor-service,17.69,44.25
180.992,appointment-service,59.67,33.11
181.492,patient-service,19.44,25.68
181.492,doctor-service,18.69,44.52
181.492,appointment-service,63.53,33.44
181.994,patient-service,19.44,25.68
181.994,doctor-service,18.69,44.52
181.994,appointment-service,63.53,33.44
182.492,patient-service,12.56,25.62
182.492,doctor-service,12.70,44.24
182.492,appointment-service,41.86,32.69
182.992,patient-service,12.56,25.62
182.993,doctor-service,12.70,44.24
182.993,appointment-service,41.86,32.69
183.493,patient-service,12.56,25.62
183.493,doctor-service,12.70,44.24
183.493,appointment-service,0.02,32.55
183.993,patient-service,0.02,25.62
183.994,doctor-service,40.59,57.20
183.994,appointment-service,0.02,32.55
184.492,patient-service,0.02,25.62
184.492,doctor-service,40.59,57.20
184.492,appointment-service,0.02,32.55
184.994,patient-service,0.02,25.62
184.995,doctor-service,5.52,44.71
184.995,appointment-service,0.04,32.54
185.492,patient-service,0.02,25.62
185.492,doctor-service,5.52,44.71
185.492,appointment-service,0.04,32.54
185.992,patient-service,0.02,25.62
185.992,doctor-service,0.02,44.22
185.992,appointment-service,0.02,32.54
186.493,patient-service,0.02,25.62
186.494,doctor-service,0.02,44.22
186.494,appointment-service,0.02,32.54
186.995,patient-service,5.05,25.67
186.995,doctor-service,5.50,44.50
186.995,appointment-service,63.79,33.44
187.492,patient-service,5.05,25.67
187.492,doctor-service,5.50,44.50
187.492,appointment-service,63.79,33.44
187.992,patient-service,30.53,25.69
187.992,doctor-service,31.24,44.29
187.992,appointment-service,110.45,33.82
188.496,patient-service,30.53,25.69
188.496,doctor-service,31.24,44.29
188.496,appointment-service,110.45,33.82
188.993,patient-service,31.97,25.70
188.993,doctor-service,30.51,44.43
188.993,appointment-service,111.23,33.09
189.492,patient-service,31.97,25.70
189.492,doctor-service,30.51,44.43
189.492,appointment-service,111.23,33.09
189.992,patient-service,30.52,25.92
189.992,doctor-service,29.10,44.23
189.992,appointment-service,108.85,33.61
190.492,patient-service,30.52,25.92
190.492,doctor-service,29.10,44.23
190.492,appointment-service,108.85,33.61
190.992,patient-service,31.19,25.99
190.992,doctor-service,30.65,44.99
190.992,appointment-service,111.28,33.25
191.497,patient-service,31.19,25.99
191.497,doctor-service,30.65,44.99
191.497,appointment-service,111.28,33.25
191.996,patient-service,31.34,25.95
191.996,doctor-service,31.27,44.77
191.996,appointment-service,114.58,34.34
192.496,patient-service,31.34,25.95
192.496,doctor-service,31.27,44.77
192.496,appointment-service,114.58,34.34
192.997,patient-service,30.55,25.98
192.997,doctor-service,29.77,45.01
192.997,appointment-service,107.54,33.63
193.492,patient-service,30.55,25.98
193.492,doctor-service,29.77,45.01
193.492,appointment-service,107.54,33.63
193.992,patient-service,27.91,25.67
193.992,doctor-service,28.22,44.27
193.992,appointment-service,102.17,33.19
194.492,patient-service,27.91,25.67
194.492,doctor-service,28.22,44.27
194.492,appointment-service,102.17,33.19
194.992,patient-service,30.11,25.93
194.992,doctor-service,30.11,44.54
194.992,appointment-service,109.38,34.38
195.492,patient-service,30.11,25.93
195.492,doctor-service,30.11,44.54
195.492,appointment-service,109.38,34.38
195.992,patient-service,32.02,25.95
195.992,doctor-service,30.46,44.54
195.992,appointment-service,112.82,33.92
196.492,patient-service,32.02,25.95
196.492,doctor-service,30.46,44.54
196.493,appointment-service,112.82,33.92
196.992,patient-service,22.31,25.64
196.993,doctor-service,22.05,44.21
196.993,appointment-service,78.37,32.97
197.494,patient-service,22.31,25.64
197.494,doctor-service,22.05,44.21
197.495,appointment-service,78.37,32.97
197.992,patient-service,0.02,25.64
197.993,doctor-service,0.02,44.21
197.993,appointment-service,0.02,32.69
198.493,patient-service,0.02,25.64
198.493,doctor-service,0.02,44.21
198.493,appointment-service,0.02,32.69
198.992,patient-service,0.03,25.63
198.992,doctor-service,0.03,44.21
198.992,appointment-service,0.02,32.68
199.492,patient-service,0.03,25.63
199.492,doctor-service,0.03,44.21
199.492,appointment-service,0.02,32.68
199.993,patient-service,0.01,25.63
199.993,doctor-service,0.01,44.21
199.993,appointment-service,0.02,32.66
200.497,patient-service,0.01,25.63
200.497,doctor-service,0.01,44.21
200.497,appointment-service,0.02,32.66
200.993,patient-service,2.06,25.68
200.993,doctor-service,2.17,44.61
200.993,appointment-service,6.68,33.32
201.493,patient-service,2.06,25.68
201.493,doctor-service,2.17,44.61
201.493,appointment-service,6.68,33.32
201.992,patient-service,85.86,25.92
201.992,doctor-service,33.36,44.26
201.992,appointment-service,138.19,33.87
202.493,patient-service,85.86,25.92
202.493,doctor-service,33.36,44.26
202.493,appointment-service,138.19,33.87
202.993,patient-service,32.71,25.68
202.993,doctor-service,32.92,44.30
202.993,appointment-service,137.34,34.27
203.493,patient-service,32.71,25.68
203.493,doctor-service,32.92,44.30
203.493,appointment-service,137.34,34.27
203.993,patient-service,34.14,25.71
203.993,doctor-service,34.07,44.80
203.994,appointment-service,139.65,33.71
204.492,patient-service,34.14,25.71
204.493,doctor-service,34.07,44.80
204.493,appointment-service,139.65,33.71
204.993,patient-service,34.09,25.73
204.993,doctor-service,33.11,44.27
204.993,appointment-service,138.35,33.40
205.492,patient-service,34.09,25.73
205.493,doctor-service,33.11,44.27
205.493,appointment-service,138.35,33.40
205.995,patient-service,33.09,25.99
205.995,doctor-service,33.85,44.50
205.995,appointment-service,137.49,33.27
206.493,patient-service,33.09,25.99
206.493,doctor-service,33.85,44.50
206.493,appointment-service,137.49,33.27
206.993,patient-service,33.74,25.67
206.993,doctor-service,33.77,44.55
206.993,appointment-service,139.31,33.20
207.494,patient-service,33.74,25.67
207.494,doctor-service,33.77,44.55
207.494,appointment-service,139.31,33.20
207.994,patient-service,33.74,25.93
207.994,doctor-service,34.05,44.30
207.994,appointment-service,139.17,34.21
208.493,patient-service,33.74,25.93
208.493,doctor-service,34.05,44.30
208.493,appointment-service,139.17,34.21
208.992,patient-service,33.30,25.70
208.992,doctor-service,33.03,44.24
208.992,appointment-service,135.31,33.72
209.494,patient-service,33.30,25.70
209.494,doctor-service,33.03,44.24
209.494,appointment-service,135.31,33.72
209.993,patient-service,33.98,25.70
209.993,doctor-service,33.43,44.54
209.993,appointment-service,140.80,33.93
210.493,patient-service,33.98,25.70
210.494,doctor-service,33.43,44.54
210.494,appointment-service,140.80,33.93
210.993,patient-service,28.88,25.64
210.993,doctor-service,29.39,44.20
210.993,appointment-service,119.17,33.29
211.493,patient-service,28.88,25.64
211.493,doctor-service,29.39,44.20
211.493,appointment-service,119.17,33.29
211.993,patient-service,0.02,25.63
211.993,doctor-service,0.02,44.20
211.993,appointment-service,0.02,33.04
212.492,patient-service,0.02,25.63
212.492,doctor-service,0.02,44.20
212.492,appointment-service,0.02,33.04
212.993,patient-service,0.02,25.63
212.993,doctor-service,0.03,44.20
212.993,appointment-service,0.02,32.78
213.492,patient-service,0.02,25.63
213.492,doctor-service,0.03,44.20
213.492,appointment-service,0.02,32.78
213.994,patient-service,0.02,25.62
213.994,doctor-service,21.45,55.32
213.994,appointment-service,0.02,32.72
214.494,patient-service,0.02,25.62
214.494,doctor-service,21.45,55.32
214.494,appointment-service,0.02,32.72
214.995,patient-service,0.02,25.62
214.995,doctor-service,21.54,44.87
214.995,appointment-service,0.02,32.64
215.497,patient-service,0.02,25.62
215.497,doctor-service,21.54,44.87
215.497,appointment-service,0.02,32.64
215.993,patient-service,31.97,25.78
215.993,doctor-service,29.60,44.25
215.993,appointment-service,126.04,33.76
216.492,patient-service,31.97,25.78
216.492,doctor-service,29.60,44.25
216.492,appointment-service,126.04,33.76
216.993,patient-service,33.89,25.84
216.993,doctor-service,32.37,44.29
216.993,appointment-service,167.10,44.05
217.493,patient-service,33.89,25.84
217.493,doctor-service,32.37,44.29
217.493,appointment-service,167.10,44.05
217.993,patient-service,33.42,25.75
217.993,doctor-service,33.72,44.31
217.993,appointment-service,162.76,34.26
218.493,patient-service,33.42,25.75
218.493,doctor-service,33.72,44.31
218.493,appointment-service,162.76,34.26
218.993,patient-service,33.68,26.25
218.993,doctor-service,32.81,44.82
218.993,appointment-service,138.67,34.78
219.493,patient-service,33.68,26.25
219.493,doctor-service,32.81,44.82
219.493,appointment-service,138.67,34.78
219.993,patient-service,32.36,25.74
219.993,doctor-service,32.78,44.29
219.993,appointment-service,138.37,34.64
220.492,patient-service,32.36,25.74
220.492,doctor-service,32.78,44.29
220.492,appointment-service,138.37,34.64
220.992,patient-service,33.75,25.72
220.992,doctor-service,32.50,44.57
220.992,appointment-service,138.80,34.34
221.494,patient-service,33.75,25.72
221.495,doctor-service,32.50,44.57
221.495,appointment-service,138.80,34.34
221.992,patient-service,33.17,25.78
221.992,doctor-service,33.54,44.27
221.992,appointment-service,142.40,34.85
222.493,patient-service,33.17,25.78
222.494,doctor-service,33.54,44.27
222.494,appointment-service,142.40,34.85
222.993,patient-service,32.80,25.99
222.993,doctor-service,33.75,44.79
222.993,appointment-service,139.92,34.69
223.493,patient-service,32.80,25.99
223.493,doctor-service,33.75,44.79
223.493,appointment-service,139.92,34.69
223.992,patient-service,33.75,26.00
223.992,doctor-service,35.27,44.56
223.992,appointment-service,143.50,34.65
224.493,patient-service,33.75,26.00
224.493,doctor-service,35.27,44.56
224.493,appointment-service,143.50,34.65
224.993,patient-service,33.65,25.81
224.993,doctor-service,32.37,44.27
224.993,appointment-service,139.85,34.20
225.492,patient-service,33.65,25.81
225.492,doctor-service,32.37,44.27
225.492,appointment-service,139.85,34.20
225.994,patient-service,1.20,25.68
225.994,doctor-service,2.03,44.27
225.994,appointment-service,6.35,33.34
226.492,patient-service,1.20,25.68
226.492,doctor-service,2.03,44.27
226.492,appointment-service,6.35,33.34
226.992,patient-service,0.01,25.68
226.992,doctor-service,0.02,44.26
226.992,appointment-service,0.01,33.08
227.492,patient-service,0.01,25.68
227.492,doctor-service,0.02,44.26
227.492,appointment-service,0.01,33.08
227.993,patient-service,0.02,25.68
227.993,doctor-service,0.02,44.26
227.993,appointment-service,0.02,33.08
228.493,patient-service,0.02,25.68
228.493,doctor-service,0.02,44.26
228.493,appointment-service,0.02,33.08
228.992,patient-service,0.01,25.68
228.992,doctor-service,0.02,44.26
228.992,appointment-service,0.01,32.96
