Workload,Concurrency,Repetition,Requests,Success,Failed,FailureTypes,Duration_s,Throughput_req_s,RT_avg_ms,RT_median_ms,RT_p95_ms,RT_min_ms,RT_max_ms,patient-service_CPU_avg_pct,patient-service_CPU_peak_pct,patient-service_MEM_avg_MiB,patient-service_MEM_peak_MiB,patient-service_samples,doctor-service_CPU_avg_pct,doctor-service_CPU_peak_pct,doctor-service_MEM_avg_MiB,doctor-service_MEM_peak_MiB,doctor-service_samples,appointment-service_CPU_avg_pct,appointment-service_CPU_peak_pct,appointment-service_MEM_avg_MiB,appointment-service_MEM_peak_MiB,appointment-service_samples,Total_CPU_avg_pct,Total_MEM_avg_MiB
W1,1,1,500,500,0,,10.961,45.617,21.852,17.106,37.970,11.236,47.059,14.174,56.670,25.546,25.780,22,9.458,10.740,44.051,44.250,22,32.576,37.350,30.822,31.570,22,56.208,100.419
W2,2,1,860,860,0,,10.008,85.928,23.196,19.957,40.877,11.686,51.764,18.152,20.310,25.537,25.770,20,22.770,52.750,45.285,55.880,20,63.775,84.520,32.165,41.480,20,104.697,102.987
W3,4,1,1354,1354,0,,10.025,135.062,29.519,27.611,46.496,12.100,65.590,33.485,66.280,25.750,26.170,20,31.499,33.060,44.316,44.670,20,112.943,119.630,32.188,32.850,20,177.927,102.253
W4,8,1,1414,1414,0,,10.042,140.808,56.662,56.242,74.836,30.475,102.190,32.100,34.960,25.920,26.430,20,37.369,72.690,45.384,53.700,20,132.014,140.980,33.328,33.820,20,201.484,104.632
W5,16,1,1405,1405,0,,10.083,139.339,114.371,112.856,141.219,51.405,192.571,33.259,34.420,25.887,26.250,20,32.831,34.480,44.295,44.580,20,137.911,142.410,33.943,34.520,20,204.001,104.125
W1,1,2,500,500,0,,11.840,42.229,23.603,19.175,38.951,12.542,52.059,9.922,10.990,25.733,26.100,24,13.572,56.500,44.305,44.700,24,33.242,36.780,33.666,34.350,24,56.735,103.704
W2,2,2,786,786,0,,10.012,78.509,25.383,22.049,44.196,12.911,52.331,17.262,19.450,25.945,26.420,20,16.597,18.660,44.396,44.750,20,56.776,63.880,33.570,34.240,20,90.635,103.911
W3,4,2,1260,1260,0,,10.029,125.640,31.698,30.874,43.683,17.836,61.992,30.873,32.130,25.781,26.150,20,31.045,32.300,44.438,45.040,20,112.937,120.150,33.624,34.180,20,174.855,103.843
W4,8,2,1153,1153,0,,10.063,114.581,69.477,65.701,106.323,32.974,269.719,31.416,34.570,25.793,26.480,20,31.053,34.400,44.418,44.770,20,129.243,139.850,33.872,34.720,20,191.712,104.083
W5,16,2,1329,1329,0,,10.092,131.693,120.901,118.816,153.747,32.480,208.598,39.111,86.800,25.963,26.400,20,32.564,34.150,44.417,44.620,20,137.563,141.890,34.265,34.660,20,209.238,104.645
W1,1,3,500,500,0,,13.481,37.088,26.864,25.743,45.072,12.146,71.748,9.069,11.010,25.709,25.890,27,8.699,10.350,44.281,44.460,27,33.494,76.100,33.592,34.230,27,51.261,103.583
W2,2,3,752,752,0,,10.008,75.139,26.515,23.191,46.302,12.150,91.716,17.731,20.720,25.756,26.180,20,17.331,20.270,44.299,44.520,20,59.272,69.910,33.659,34.350,20,94.334,103.714
W3,4,3,1213,1213,0,,10.017,121.092,32.902,31.297,49.768,14.585,78.385,28.982,32.020,25.843,25.990,20,28.511,31.270,44.543,45.010,20,105.938,114.580,33.644,34.380,20,163.431,104.030
W4,8,3,1392,1392,0,,10.024,138.868,57.420,56.463,76.472,26.520,103.506,38.353,85.860,25.767,25.990,20,33.098,34.070,44.396,44.800,20,136.478,140.800,33.687,34.270,20,207.929,103.850
W5,16,3,1398,1398,0,,10.094,138.496,114.945,113.213,146.055,51.677,190.955,33.244,33.890,25.866,26.250,20,32.871,35.270,44.442,44.820,20,143.741,167.100,35.422,44.050,20,209.856,105.730
